{
  "API Outputs-0" : {
    "transaction" : "API Outputs-0",
    "sampleCount" : 30,
    "errorCount" : 0,
    "errorPct" : 0.0,
    "meanResTime" : 4.433333333333334,
    "medianResTime" : 4.0,
    "minResTime" : 1.0,
    "maxResTime" : 12.0,
    "pct1ResTime" : 8.900000000000002,
    "pct2ResTime" : 11.45,
    "pct3ResTime" : 12.0,
    "throughput" : 3.6913990402362495,
    "receivedKBytesPerSec" : 0.8110984219269103,
    "sentKBytesPerSec" : 0.4686346437799926
  },
  "Homepage" : {
    "transaction" : "Homepage",
    "sampleCount" : 30,
    "errorCount" : 1,
    "errorPct" : 3.3333333,
    "meanResTime" : 672.2999999999998,
    "medianResTime" : 365.0,
    "minResTime" : 71.0,
    "maxResTime" : 2420.0,
    "pct1ResTime" : 2003.8,
    "pct2ResTime" : 2192.2999999999997,
    "pct3ResTime" : 2420.0,
    "throughput" : 3.1068765534382767,
    "receivedKBytesPerSec" : 91.87737870236123,
    "sentKBytesPerSec" : 0.36105303697183094
  },
  "API Escape Room-0" : {
    "transaction" : "API Escape Room-0",
    "sampleCount" : 30,
    "errorCount" : 0,
    "errorPct" : 0.0,
    "meanResTime" : 16.700000000000006,
    "medianResTime" : 4.5,
    "minResTime" : 1.0,
    "maxResTime" : 314.0,
    "pct1ResTime" : 24.700000000000028,
    "pct2ResTime" : 159.9999999999998,
    "pct3ResTime" : 314.0,
    "throughput" : 4.081632653061225,
    "receivedKBytesPerSec" : 0.9486607142857143,
    "sentKBytesPerSec" : 0.5341198979591837
  },
  "API Escape Room-1" : {
    "transaction" : "API Escape Room-1",
    "sampleCount" : 30,
    "errorCount" : 0,
    "errorPct" : 0.0,
    "meanResTime" : 310.0333333333333,
    "medianResTime" : 198.5,
    "minResTime" : 7.0,
    "maxResTime" : 2010.0,
    "pct1ResTime" : 786.400000000001,
    "pct2ResTime" : 2010.0,
    "pct3ResTime" : 2010.0,
    "throughput" : 4.259548487860287,
    "receivedKBytesPerSec" : 1.089845413886128,
    "sentKBytesPerSec" : 0.5615615682237682
  },
  "API Escape Room" : {
    "transaction" : "API Escape Room",
    "sampleCount" : 30,
    "errorCount" : 0,
    "errorPct" : 0.0,
    "meanResTime" : 326.8,
    "medianResTime" : 204.0,
    "minResTime" : 8.0,
    "maxResTime" : 2013.0,
    "pct1ResTime" : 1070.3000000000015,
    "pct2ResTime" : 2013.0,
    "pct3ResTime" : 2013.0,
    "throughput" : 4.077749082506457,
    "receivedKBytesPerSec" : 1.9910884191926057,
    "sentKBytesPerSec" : 1.0712055695256217
  },
  "Escape Room-1" : {
    "transaction" : "Escape Room-1",
    "sampleCount" : 30,
    "errorCount" : 0,
    "errorPct" : 0.0,
    "meanResTime" : 513.9999999999999,
    "medianResTime" : 354.0,
    "minResTime" : 90.0,
    "maxResTime" : 2017.0,
    "pct1ResTime" : 962.9,
    "pct2ResTime" : 1983.45,
    "pct3ResTime" : 2017.0,
    "throughput" : 3.10077519379845,
    "receivedKBytesPerSec" : 96.86208010335916,
    "sentKBytesPerSec" : 0.4148498062015504
  },
  "Escape Room" : {
    "transaction" : "Escape Room",
    "sampleCount" : 30,
    "errorCount" : 0,
    "errorPct" : 0.0,
    "meanResTime" : 520.6999999999999,
    "medianResTime" : 363.0,
    "minResTime" : 94.0,
    "maxResTime" : 2026.0,
    "pct1ResTime" : 965.0,
    "pct2ResTime" : 1989.1499999999999,
    "pct3ResTime" : 2026.0,
    "throughput" : 3.0998140111593306,
    "receivedKBytesPerSec" : 97.57068221740028,
    "sentKBytesPerSec" : 0.8264152588344699
  },
  "Escape Room-0" : {
    "transaction" : "Escape Room-0",
    "sampleCount" : 30,
    "errorCount" : 0,
    "errorPct" : 0.0,
    "meanResTime" : 6.666666666666666,
    "medianResTime" : 4.0,
    "minResTime" : 1.0,
    "maxResTime" : 33.0,
    "pct1ResTime" : 16.300000000000015,
    "pct2ResTime" : 30.799999999999997,
    "pct3ResTime" : 33.0,
    "throughput" : 3.1289111389236544,
    "receivedKBytesPerSec" : 0.7455608573216521,
    "sentKBytesPerSec" : 0.4155585106382979
  },
  "Tabs Generator-0" : {
    "transaction" : "Tabs Generator-0",
    "sampleCount" : 30,
    "errorCount" : 0,
    "errorPct" : 0.0,
    "meanResTime" : 8.066666666666668,
    "medianResTime" : 3.0,
    "minResTime" : 1.0,
    "maxResTime" : 33.0,
    "pct1ResTime" : 28.800000000000004,
    "pct2ResTime" : 31.349999999999998,
    "pct3ResTime" : 33.0,
    "throughput" : 3.222687721559781,
    "receivedKBytesPerSec" : 0.7962304624556881,
    "sentKBytesPerSec" : 0.4374546809539156
  },
  "API Outputs" : {
    "transaction" : "API Outputs",
    "sampleCount" : 30,
    "errorCount" : 1,
    "errorPct" : 3.3333333,
    "meanResTime" : 380.0666666666666,
    "medianResTime" : 192.5,
    "minResTime" : 10.0,
    "maxResTime" : 2007.0,
    "pct1ResTime" : 1071.9000000000005,
    "pct2ResTime" : 1636.2999999999995,
    "pct3ResTime" : 2007.0,
    "throughput" : 3.687315634218289,
    "receivedKBytesPerSec" : 2.2900486648844645,
    "sentKBytesPerSec" : 0.9398333794247788
  },
  "Tabs Generator" : {
    "transaction" : "Tabs Generator",
    "sampleCount" : 30,
    "errorCount" : 0,
    "errorPct" : 0.0,
    "meanResTime" : 521.5666666666666,
    "medianResTime" : 362.0,
    "minResTime" : 92.0,
    "maxResTime" : 1981.0,
    "pct1ResTime" : 1077.0,
    "pct2ResTime" : 1592.1499999999996,
    "pct3ResTime" : 1981.0,
    "throughput" : 3.1914893617021276,
    "receivedKBytesPerSec" : 108.46316073803192,
    "sentKBytesPerSec" : 0.8695561835106382
  },
  "Tabs Generator-1" : {
    "transaction" : "Tabs Generator-1",
    "sampleCount" : 30,
    "errorCount" : 0,
    "errorPct" : 0.0,
    "meanResTime" : 513.4666666666667,
    "medianResTime" : 359.0,
    "minResTime" : 91.0,
    "maxResTime" : 1978.0,
    "pct1ResTime" : 1049.8,
    "pct2ResTime" : 1590.2499999999995,
    "pct3ResTime" : 1978.0,
    "throughput" : 3.1918289179699966,
    "receivedKBytesPerSec" : 107.68609443158847,
    "sentKBytesPerSec" : 0.43638285987871056
  },
  "Total" : {
    "transaction" : "Total",
    "sampleCount" : 390,
    "errorCount" : 3,
    "errorPct" : 0.7692308,
    "meanResTime" : 320.80256410256413,
    "medianResTime" : 177.0,
    "minResTime" : 1.0,
    "maxResTime" : 2420.0,
    "pct1ResTime" : 829.8000000000008,
    "pct2ResTime" : 1273.45,
    "pct3ResTime" : 2013.36,
    "throughput" : 39.553752535496955,
    "receivedKBytesPerSec" : 495.0724201318459,
    "sentKBytesPerSec" : 6.783444789553753
  },
  "API Outputs-1" : {
    "transaction" : "API Outputs-1",
    "sampleCount" : 30,
    "errorCount" : 1,
    "errorPct" : 3.3333333,
    "meanResTime" : 375.6333333333333,
    "medianResTime" : 188.5,
    "minResTime" : 9.0,
    "maxResTime" : 2005.0,
    "pct1ResTime" : 1070.6000000000006,
    "pct2ResTime" : 1634.8499999999995,
    "pct3ResTime" : 2005.0,
    "throughput" : 3.688222276862552,
    "receivedKBytesPerSec" : 1.4802113428202606,
    "sentKBytesPerSec" : 0.4718331233095648
  }
}